33,75,82,15,25,36,56,71,42,10,39,93,43,83,63,2,73,51,23,28
79,80,19,11,29,997,117,87,414,614,425,783,403,817,397,13,144,66,84,65
75,10,23,63,25,6,36,42,71,829,39,51,27,989,28,74,15,0,64,21
481,472,465,823,40,592,440,137,872,621,478,480,7,31,403,435,45,308,833,619
753,780,644,434,444,991,22,403,144,614,997,602,191,97,414,334,412,397,19,433
993,400,433,13,397,783,403,399,991,472,19,997,614,817,872,87,40,765,47,22
829,21,2,74,432,73,15,396,64,816,56,35,23,34,312,93,82,38,42,989
19,95,823,13,403,14,31,117,80,3,5,97,96,433,400,421,783,45,997,66
65,816,29,20,21,721,76,830,26,396,34,77,673,610,37,43,47,61,85,985
68,350,254,89,120,353,872,921,133,191,220,496,374,135,365,651,584,574,187,326
39,71,28,63,25,51,42,27,36,75,2,23,0,989,93,74,82,34,33,56
80,652,19,79,1,823,95,117,66,7,403,644,84,72,58,558,592,96,872,13
60,432,312,396,985,35,83,392,55,786,61,47,93,610,400,34,721,54,426,56
400,5,991,433,19,783,403,993,817,7,997,399,765,397,721,22,87,614,14,76
399,783,725,610,721,19,828,433,190,809,7,13,400,393,817,392,851,397,84,765
0,75,33,82,56,2,25,829,73,64,43,50,74,83,71,36,6,10,21,23
74,64,93,56,73,82,51,36,83,63,12,34,23,312,39,42,43,996,27,989
463,680,870,72,155,240,891,924,962,263,317,902,652,363,493,257,607,582,931,440
94,48,53,377,30,60,40,90,632,664,613,436,461,445,993,52,456,592,393,426
7,403,13,14,783,997,5,80,95,823,66,144,22,614,872,991,87,433,11,117
816,8,21,65,44,47,831,721,673,76,995,396,179,985,61,828,29,6,997,771
6,396,816,829,34,38,43,996,76,989,432,8,2,61,77,70,985,92,20,35
403,753,144,433,434,872,991,397,614,780,412,466,783,448,724,644,997,444,692,4
51,63,10,75,36,2,42,39,27,25,71,989,74,28,93,64,0,73,56,34
135,177,917,480,316,570,577,250,440,552,112,127,89,196,100,221,263,560,280,242
71,10,63,39,75,28,36,42,51,0,27,33,2,82,23,56,989,43,73,93
830,77,76,37,771,816,43,70,610,92,85,313,721,817,34,55,985,35,61,396
42,989,63,51,36,71,25,39,10,28,34,996,56,23,93,75,2,83,43,396
71,39,10,63,25,51,27,42,36,75,23,2,989,0,93,33,74,56,34,996
65,8,816,1,721,76,85,830,26,673,61,34,396,92,70,78,37,996,985,38
101,594,536,456,90,377,566,59,728,993,163,915,49,457,232,445,116,599,823,873
619,823,7,134,541,45,435,472,308,477,3,5,582,455,164,522,621,892,353,632
55,610,669,83,312,426,93,54,620,60,26,432,830,821,399,78,725,82,851,809
0,82,75,15,56,36,25,43,83,93,71,73,35,42,34,50,63,39,10,313
996,43,989,38,42,56,396,83,27,93,36,21,70,77,37,26,82,816,61,985
83,43,312,12,56,432,26,77,396,36,82,54,830,34,93,60,42,55,829,33
42,25,63,93,82,27,71,51,83,75,39,10,0,989,43,56,23,33,28,2
38,77,85,92,70,999,998,26,61,765,830,996,34,86,76,816,985,43,396,65
996,37,34,92,70,77,85,999,61,998,396,43,989,21,765,76,985,86,816,42
71,10,28,63,25,51,27,42,36,75,23,2,989,0,56,93,74,34,33,82
377,872,47,89,435,400,751,3,897,422,163,5,457,592,547,147,188,265,993,783
992,726,796,806,827,540,813,384,689,731,453,784,766,719,467,795,809,746,818,793
27,989,36,63,25,34,51,71,10,39,56,83,43,93,28,996,75,23,2,82
83,34,996,77,56,989,82,35,42,36,93,26,38,33,396,21,27,37,73,830
988,62,86,425,995,85,765,816,92,37,70,65,76,87,998,61,38,999,673,721
541,542,904,892,169,308,874,31,134,95,906,612,910,137,619,735,3,477,126,880
417,818,828,41,826,409,458,186,190,468,416,809,822,162,802,439,14,645,866,448
610,400,985,721,40,646,179,61,12,396,5,60,377,76,435,816,786,725,472,593
94,60,18,426,312,54,783,55,610,692,392,32,26,817,721,400,443,851,472,13
466,872,212,68,457,91,30,434,447,823,59,101,334,144,22,465,631,377,40,445
313,761,26,77,55,78,56,43,33,15,83,82,35,0,771,830,312,721,54,620
63,27,39,71,10,25,42,28,36,23,989,75,2,74,56,93,73,0,64,34
87,399,190,425,725,62,614,817,783,997,765,433,70,610,92,988,86,995,830,766
664,90,310,18,613,322,983,538,873,536,447,286,668,980,415,437,429,605,49,631
55,426,830,60,32,48,610,312,83,35,393,669,766,93,771,26,67,809,821,725
32,54,426,60,312,93,83,82,669,78,26,610,830,77,771,56,48,12,620,399
82,34,43,83,42,75,33,73,0,989,27,996,36,93,25,35,15,63,78,74
578,555,863,500,336,581,365,236,897,422,674,382,805,539,120,510,549,361,150,505
353,823,81,833,98,344,411,481,116,59,478,465,599,9,191,440,343,163,131,594
98,90,30,68,353,232,58,163,833,921,481,49,536,675,411,116,585,334,191,499
12,48,55,312,54,396,610,432,985,426,830,721,76,32,392,400,725,433,26,399
985,70,92,996,38,76,77,37,396,816,34,26,85,673,65,765,999,47,998,12
988,425,86,765,87,92,998,44,85,999,52,70,997,614,37,995,38,400,725,76
10,39,71,51,28,25,27,42,36,23,989,75,2,56,93,34,0,74,82,996
74,73,16,23,2,51,75,56,15,93,63,10,36,82,39,83,34,25,42,71
8,816,29,61,85,92,70,37,998,38,995,996,77,999,765,76,44,20,86,985
872,68,117,435,19,13,400,84,89,823,477,403,5,783,652,334,40,819,592,9
798,393,777,809,468,826,732,766,398,867,54,818,417,426,384,540,778,190,734,847
872,9,334,89,66,163,49,815,466,353,59,191,40,921,101,411,22,435,212,434
585,679,954,951,965,493,925,571,582,150,819,333,499,580,227,109,240,363,477,184
92,37,38,61,765,77,86,996,76,985,85,26,816,396,34,999,998,830,87,721
39,10,28,63,25,51,42,36,27,75,23,2,0,989,33,56,82,93,34,83
117,558,652,582,463,870,440,819,240,17,931,589,673,421,823,84,164,11,24,891
56,82,64,74,312,43,36,83,78,51,25,75,93,33,0,15,23,16,34,35
64,23,73,51,2,56,16,75,63,93,10,989,34,39,27,36,996,82,432,25
0,25,33,15,71,2,36,82,56,10,63,23,42,39,51,28,27,989,74,73
816,26,70,92,765,61,985,396,721,37,830,86,77,996,34,60,38,400,673,85
37,26,43,70,85,38,92,830,61,996,34,83,999,985,76,816,765,35,55,313
55,56,73,32,721,82,50,312,26,70,29,816,77,92,14,761,313,43,35,60
1,80,11,19,8,29,65,997,403,753,78,872,823,117,22,144,414,87,397,817
11,1,79,19,7,403,95,823,872,22,997,753,13,97,49,4,652,144,434,66
131,601,478,58,320,135,640,481,604,191,706,411,353,187,137,651,884,331,98,344
56,83,93,33,0,36,43,75,73,25,55,15,34,42,312,35,32,63,71,989
43,93,82,36,35,56,34,42,55,32,33,996,989,77,312,432,396,27,12,73
819,477,66,14,117,721,859,19,592,646,795,47,435,673,610,455,828,179,783,823
37,998,999,92,77,38,86,70,765,26,988,62,61,76,425,44,65,830,816,996
765,62,988,70,85,92,425,87,37,998,44,76,999,38,997,995,61,52,13,725
425,997,52,614,62,86,765,988,92,70,414,995,5,13,817,144,400,19,783,403
538,114,897,743,593,101,188,737,498,527,273,236,252,288,284,939,367,163,789,759
112,523,350,435,218,674,40,68,547,9,289,552,135,872,496,147,132,549,180,584
163,833,536,232,116,101,492,593,983,538,59,668,30,53,519,267,728,201,322,594
445,447,185,848,599,436,785,387,407,354,377,606,566,408,457,427,123,49,562,630
70,765,37,38,61,85,77,76,86,996,425,62,999,26,816,998,988,985,87,396
83,82,36,42,34,43,56,55,27,989,32,312,996,33,63,51,0,54,35,23
18,48,60,377,400,30,426,13,721,12,70,993,312,392,985,991,632,76,592,53
7,541,19,45,823,308,137,403,874,31,80,3,11,13,652,582,477,619,127,421
7,995,19,14,421,29,11,84,65,44,673,721,86,988,117,72,816,997,765,95
444,433,602,397,412,22,403,191,478,436,7,993,604,851,19,614,4,628,144,3
59,232,116,833,411,163,580,58,585,191,860,331,321,343,187,353,267,81,519,111
119,171,963,209,194,290,913,685,275,757,243,273,909,684,974,876,740,976,918,598
143,242,570,316,280,351,548,279,362,517,577,177,326,204,281,838,127,24,670,104
815,163,594,30,265,527,547,498,212,789,621,90,170,116,324,737,833,538,367,197
576,110,485,579,658,521,345,341,569,883,306,730,534,303,531,506,379,348,662,494
126,169,907,168,363,263,281,129,176,697,891,612,317,257,292,682,570,177,870,962
280,741,143,570,139,882,917,250,172,517,670,170,556,242,194,839,177,142,275,264
242,148,528,180,250,202,255,238,132,559,741,553,271,128,326,491,152,518,490,269
261,507,364,501,264,269,202,896,275,274,656,258,572,698,243,226,301,760,737,767
492,519,247,863,120,520,581,133,355,539,578,840,587,491,504,326,404,517,510,496
572,550,698,598,261,258,428,501,243,172,364,507,539,264,318,106,275,520,194,839
580,227,332,195,118,333,836,349,143,942,184,362,556,941,525,544,514,965,386,388
576,521,506,102,494,341,730,485,531,568,579,251,567,883,563,497,532,490,473,569
834,580,846,585,381,349,98,840,557,819,332,385,365,321,388,499,184,342,368,347
89,196,552,741,164,523,177,674,570,154,147,289,350,250,124,307,917,132,236,559
385,372,837,178,133,358,183,834,846,121,373,381,357,141,388,382,921,165,543,574
897,336,252,789,236,539,538,367,88,163,578,188,737,282,108,172,181,805,182,674
708,717,787,920,695,298,573,352,305,704,561,302,647,947,596,928,925,389,479,388
594,524,232,163,833,344,832,267,616,884,90,914,522,101,98,343,428,897,538,748
652,66,72,7,823,19,870,673,84,463,14,31,11,455,13,440,1,400,891,164
980,983,941,318,943,664,195,286,109,514,536,322,428,550,498,349,585,108,942,698
99,171,194,963,209,290,685,913,275,273,876,243,318,757,843,681,684,507,909,671
520,484,510,578,492,496,942,587,121,581,365,133,491,863,297,326,361,346,539,574
357,574,120,510,381,587,341,662,133,297,484,578,365,382,300,535,314,586,881,525
211,253,474,371,439,210,441,469,336,328,248,203,383,337,745,470,340,214,756,162
466,457,714,785,465,91,446,635,602,769,464,590,407,476,191,387,347,711,185,857
148,271,701,237,266,154,650,234,489,180,707,196,559,105,672,482,659,767,205,979
917,134,308,168,169,135,170,137,546,317,250,480,167,440,177,104,139,577,542,612
103,169,907,176,697,612,317,363,263,168,129,281,682,891,904,910,870,906,959,174
838,173,874,279,177,541,577,670,129,480,137,24,168,100,139,560,570,134,257,582
301,202,138,269,528,501,274,516,261,105,106,559,760,767,238,364,518,903,656,148
292,697,174,168,907,103,617,682,612,910,126,169,670,959,899,139,696,279,570,541
157,860,580,333,98,522,472,111,557,332,500,646,819,619,921,109,353,594,362,59
81,478,604,884,601,411,640,217,616,187,191,706,311,125,651,833,343,431,320,137
180,148,172,863,491,250,105,559,505,539,555,508,552,528,741,917,242,496,520,307
247,587,120,121,574,535,382,575,496,675,834,519,107,543,357,863,365,374,381,788
125,308,168,917,541,177,621,139,169,280,670,164,612,317,570,137,104,31,546,135
651,221,917,177,480,343,125,137,24,440,577,481,552,833,81,89,350,219,196,231
552,480,343,583,148,500,180,557,404,132,917,805,839,577,548,505,528,833,324,376
440,582,135,125,221,478,134,3,870,81,481,220,127,601,541,838,45,480,651,95
274,301,760,903,202,767,501,262,269,226,152,293,518,128,656,553,559,182,528,516
670,259,168,280,204,239,104,170,556,735,143,880,517,228,718,899,570,617,612,835
283,282,182,268,737,288,222,265,498,252,367,236,153,337,145,336,287,547,262,751
381,543,300,121,385,348,565,587,341,299,102,146,183,469,820,133,834,369,389,579
882,623,104,572,276,839,741,550,507,364,896,508,172,324,194,261,108,243,962,517
517,104,280,556,204,139,362,577,539,548,741,172,670,514,570,242,170,491,346,508
22,434,991,997,753,403,448,724,446,769,780,614,466,399,433,851,783,190,872,397
222,233,140,241,235,158,804,153,272,288,270,282,285,156,330,283,815,923,265,751
879,165,141,543,385,339,502,300,791,986,611,820,631,840,878,597,401,469,605,381
153,236,289,674,672,161,198,547,218,489,584,751,268,181,180,271,266,283,148,231
180,559,132,105,271,528,553,960,509,124,250,289,555,128,307,238,490,202,552,489
395,850,915,407,785,729,468,635,630,667,769,465,420,588,330,409,693,857,436,914
571,365,529,554,585,678,57,499,382,881,525,942,513,549,515,121,332,510,574,846
557,861,655,548,500,651,921,344,860,562,868,405,319,325,244,354,321,749,477,560
518,238,845,503,511,516,903,553,251,760,497,659,293,490,960,226,138,277,512,301
489,147,223,268,271,283,262,291,182,269,547,198,207,210,266,230,559,287,282,140
900,553,701,503,238,271,511,255,509,518,845,152,251,568,960,551,497,659,513,105
870,159,902,240,891,463,263,186,962,281,126,582,363,317,160,103,257,241,810,125
743,224,406,256,233,759,158,901,199,742,284,208,975,145,206,272,162,905,923,939
380,859,814,130,372,340,846,358,646,877,373,178,821,332,793,368,669,860,852,589
156,384,540,742,145,923,197,798,426,743,915,795,815,252,810,443,387,233,793,851
155,186,359,804,630,867,793,540,751,384,798,158,732,439,796,795,810,468,923,818
279,805,330,651,548,165,257,711,749,714,577,240,270,347,204,745,604,151,477,557
214,268,203,147,581,153,336,207,236,213,198,283,555,549,215,359,282,222,140,57
867,975,140,417,439,156,441,282,416,454,449,252,186,470,822,923,663,645,284,158
101,343,267,833,815,116,90,897,353,547,594,114,232,524,308,265,781,68,236,527
112,435,134,125,188,621,552,31,583,589,493,917,480,623,40,135,522,3,577,440
840,347,146,374,714,820,325,879,430,141,749,590,832,633,878,519,666,160,133,801
176,317,309,612,125,168,134,670,280,139,735,363,104,308,167,143,239,835,702,259
982,681,718,882,623,958,239,139,318,876,894,309,839,290,125,740,735,104,595,685
139,612,280,670,170,546,735,103,129,134,880,239,204,169,125,570,259,906,542,241
126,103,176,612,542,168,125,906,904,907,134,45,697,177,129,910,874,317,363,959
670,139,527,546,104,718,168,233,556,517,204,235,324,917,143,914,259,280,956,270
194,119,99,290,685,963,876,275,243,681,757,835,264,209,913,273,918,507,839,958
539,508,517,572,132,520,275,202,507,863,428,656,104,258,504,737,491,264,108,269
838,874,127,279,541,363,477,577,169,316,129,570,177,582,100,257,137,281,95,139
697,682,910,959,696,617,129,292,907,899,612,168,880,239,735,126,103,906,139,670
863,805,510,376,355,132,492,756,496,509,57,192,581,575,587,493,519,555,840,539
169,126,103,166,907,697,612,177,363,168,906,129,317,892,874,899,570,134,240,904
570,316,263,281,280,196,242,104,250,917,363,135,257,134,741,112,24,127,169,139
373,372,57,358,745,113,380,347,714,336,921,578,382,114,897,181,788,846,543,150
646,47,76,400,455,433,721,725,993,60,396,765,610,5,985,771,86,673,816,61
148,132,559,307,105,555,271,528,553,509,584,960,250,863,530,490,501,674,491,128
337,236,336,751,745,805,804,147,630,265,140,114,153,57,562,283,370,547,287,897
283,140,268,262,767,138,269,274,282,210,153,903,737,501,301,287,364,226,656,202
545,565,381,372,920,352,141,389,675,373,348,113,479,704,115,358,586,596,587,299
544,386,647,836,304,965,966,683,388,954,561,679,787,935,580,390,852,305,349,332
407,630,447,857,91,714,588,734,288,495,562,253,287,804,387,383,751,635,393,321
867,416,409,468,470,454,159,778,417,162,439,398,826,822,449,663,645,667,850,155
476,191,320,782,267,651,921,319,247,833,163,350,133,81,343,131,98,675,231,495
897,114,623,252,88,896,538,621,142,164,276,522,40,282,172,839,236,367,269,435
840,585,846,854,499,666,376,834,404,714,354,150,745,382,879,557,415,57,862,820
399,826,448,393,724,725,458,828,851,52,446,417,468,783,817,692,610,809,433,14
187,476,602,411,267,320,81,98,651,353,97,163,833,68,319,9,131,444,418,884
355,492,555,659,361,504,863,674,578,528,539,376,840,865,520,505,581,172,510,108
711,744,786,589,793,805,745,472,181,923,630,742,885,178,804,431,147,158,857,878
171,243,275,685,119,99,264,258,507,681,598,963,698,839,876,290,882,261,273,896
366,544,184,296,390,109,118,912,836,349,647,677,386,332,339,304,683,954,486,710
552,741,177,112,250,559,148,917,105,132,242,154,124,570,180,231,271,218,201,316
212,815,158,923,915,742,621,101,308,594,783,163,781,759,939,823,116,466,872,472
207,722,213,687,703,672,903,690,960,291,650,926,238,483,226,553,230,979,153,929
206,256,975,225,843,750,273,229,905,894,156,671,272,743,276,636,208,209,224,286
957,244,288,961,287,205,216,649,265,266,922,422,140,222,495,182,236,246,737,527
323,674,147,196,528,124,350,90,192,659,559,584,289,656,767,672,266,148,547,552
269,274,301,106,226,501,364,261,138,656,264,760,128,258,508,238,262,293,172,903
214,375,215,788,382,247,474,161,581,662,469,575,574,534,336,355,254,211,863,277
139,259,670,143,517,280,170,556,168,242,235,104,539,172,546,239,270,233,901,718
266,287,482,489,200,957,979,271,244,230,223,234,153,707,216,483,246,207,961,237
975,256,273,199,225,750,284,843,208,671,224,905,636,272,894,156,759,229,209,685
213,687,198,291,703,223,722,277,483,262,503,210,230,271,153,237,238,690,268,489
905,225,759,224,256,781,914,272,894,772,595,843,671,273,958,206,718,284,728,406
99,913,963,273,119,750,684,290,909,972,171,654,671,661,636,243,757,974,740,275
211,182,291,223,287,207,283,153,474,337,687,215,230,122,140,268,271,266,213,489
210,122,253,474,375,336,203,337,371,248,439,382,216,214,788,140,441,287,355,215
197,621,101,49,815,522,781,163,466,594,68,30,872,457,116,88,718,956,434,671
207,198,703,291,722,687,483,237,223,268,262,230,690,153,650,277,271,503,672,238
161,203,359,213,336,215,355,863,268,207,581,382,211,551,503,375,504,662,730,474
730,568,494,567,506,531,251,277,110,521,490,497,530,584,532,563,341,662,254,473
244,961,957,200,422,205,922,287,495,211,788,382,253,203,649,288,266,714,249,247
895,772,884,225,781,914,167,977,131,522,839,616,623,671,681,905,116,595,918,583
547,147,234,89,489,672,265,153,196,230,254,291,289,266,271,690,236,205,215,124
231,234,180,148,221,350,307,135,559,196,105,552,132,509,237,530,271,343,584,201
651,480,440,135,137,9,577,350,921,481,834,833,496,560,3,343,257,756,267,187
231,917,343,135,552,250,480,105,219,577,839,350,344,137,132,196,148,741,833,242
282,140,276,283,737,262,182,145,269,268,275,288,172,274,498,236,153,539,272,270
230,207,153,291,287,210,213,266,205,283,707,687,713,489,198,268,182,703,722,262
759,284,256,208,156,406,743,595,742,905,841,206,225,273,671,728,272,360,657,843
905,208,781,671,772,206,843,636,273,199,256,229,894,975,750,977,224,958,895,217
274,903,760,202,293,269,262,238,152,301,138,501,960,364,106,656,767,518,245,198
525,942,362,349,881,580,515,365,326,678,529,586,510,571,342,333,499,512,297,346
835,239,916,958,735,718,899,685,290,617,876,880,171,139,894,309,681,259,194,976
975,894,225,273,671,199,256,252,718,206,843,750,681,905,208,209,913,623,290,636
489,266,223,271,291,483,237,687,198,287,207,205,690,153,672,213,482,722,979,234
219,234,221,246,180,350,237,148,250,196,307,271,147,267,343,547,132,320,672,552
344,519,116,267,524,833,354,593,404,616,163,90,557,566,319,98,492,789,869,428
901,235,272,170,156,546,145,270,259,208,241,894,204,718,914,222,406,939,759,224
231,219,237,246,266,271,148,205,124,218,230,180,489,483,223,307,153,672,482,287
233,241,259,546,170,270,204,145,901,749,655,168,272,330,139,280,308,906,542,242
265,147,289,547,897,181,674,268,57,283,114,140,153,737,336,222,182,282,161,287
483,271,650,672,266,489,503,482,230,234,213,551,690,533,246,722,979,124,138,207
152,903,518,553,960,760,845,503,245,274,226,251,511,293,277,672,154,202,255,659
735,880,899,228,617,835,718,139,309,612,670,259,958,916,901,168,894,204,685,167
931,155,938,363,870,257,440,680,582,651,493,160,463,902,176,756,431,478,558,196
235,145,259,168,233,901,270,204,139,280,570,177,129,670,292,542,250,546,285,242
570,105,250,741,280,316,104,255,177,528,326,202,491,559,180,148,204,238,143,132
275,258,194,264,598,507,698,896,273,171,364,106,685,261,99,119,572,963,108,209
216,957,200,205,287,961,422,922,495,266,382,288,788,246,805,57,321,404,247,211
984,293,926,929,960,533,760,903,845,660,238,650,255,770,886,152,690,226,274,979
266,234,237,287,231,271,489,547,205,805,714,957,236,244,200,196,265,707,148,230
575,587,133,788,107,581,535,120,521,863,203,519,496,345,534,249,215,578,576,579
474,871,575,534,211,479,247,371,788,338,253,565,587,469,249,704,579,375,122,586
730,579,300,534,576,102,575,883,658,247,521,345,587,110,531,569,485,506,567,788
242,570,917,105,132,104,741,148,180,280,196,177,221,552,255,316,547,491,231,285
511,497,568,473,518,277,490,503,494,506,730,152,551,110,532,521,845,238,341,215
282,114,140,268,367,283,897,737,923,229,222,158,236,336,498,188,276,288,161,182
211,122,338,185,474,248,450,441,422,371,216,495,439,210,288,244,321,454,663,470
215,584,581,730,568,350,662,567,531,551,521,277,341,490,110,530,497,251,494,203
960,245,760,238,903,293,105,154,926,650,672,553,984,845,979,152,929,242,741,226
905,975,206,224,273,199,208,156,843,671,750,225,284,894,636,772,272,743,229,759
281,363,279,263,316,177,103,204,570,317,292,280,891,577,126,139,962,548,240,127
264,275,507,243,698,261,896,194,364,106,598,572,202,108,171,501,839,172,269,99
139,204,670,280,239,901,235,272,228,880,718,876,835,104,735,233,894,685,617,170
919,911,887,971,970,278,716,888,945,937,898,700,715,927,928,944,973,303,717,302
106,264,572,501,364,507,258,202,698,269,896,275,508,108,243,301,194,656,274,128
274,226,269,138,903,767,182,283,760,202,301,293,153,722,703,364,268,152,238,222
281,257,177,103,570,891,316,280,962,363,126,317,917,104,242,196,870,882,250,155
258,507,275,261,896,106,243,698,364,194,572,202,598,501,269,171,172,839,508,119
547,236,140,289,287,815,283,200,737,288,489,751,101,182,153,336,181,163,498,218
205,287,482,230,489,237,979,271,246,483,707,223,153,234,124,672,650,200,722,207
163,343,651,232,833,344,616,319,524,527,353,884,187,116,519,404,495,231,320,500
283,140,182,282,153,262,161,737,213,767,236,287,222,252,207,656,903,269,559,274
274,202,106,364,656,226,767,501,301,262,138,261,760,903,507,264,128,508,182,572
233,235,546,272,204,170,222,145,556,259,241,139,901,168,250,280,276,670,718,143
489,553,559,237,148,528,180,230,672,238,154,503,153,483,266,105,551,650,960,205
276,233,208,718,273,685,259,894,982,275,284,290,681,256,270,194,171,222,901,759
209,243,671,843,119,99,275,256,206,685,171,905,194,598,636,975,272,963,913,290
269,226,202,760,138,262,903,301,293,364,106,767,656,238,501,960,152,518,182,128
264,258,507,243,194,896,698,106,598,171,261,119,99,364,172,273,572,685,737,882
272,222,275,737,243,507,273,142,364,282,258,498,264,269,598,572,194,623,108,839
511,473,251,568,503,551,497,215,152,238,687,730,518,490,900,207,845,483,567,530
716,971,970,919,887,911,260,945,898,888,937,700,715,927,928,944,973,306,303,717
257,838,316,127,292,173,168,204,577,548,363,139,651,280,100,160,281,129,570,351
104,570,139,143,670,168,242,204,259,741,316,177,917,281,250,517,263,556,170,612
263,316,257,570,363,177,280,103,891,126,962,279,242,143,104,100,317,292,882,924
283,140,268,252,222,737,182,269,275,498,153,172,274,262,276,243,364,288,923,539
140,182,282,268,262,153,222,737,269,210,767,287,288,236,547,274,223,265,656,291
224,759,498,841,256,360,206,273,671,272,743,843,208,742,737,286,156,595,905,225
250,145,147,161,153,196,276,222,805,917,552,282,140,214,132,241,751,784,268,231
728,671,664,980,983,284,843,273,318,909,743,225,737,613,718,360,256,209,636,224
266,205,200,957,288,223,182,210,230,244,283,265,482,153,268,246,489,979,140,707
200,498,140,287,283,957,182,265,527,222,737,961,324,282,185,649,244,145,114,422
674,147,656,236,767,903,148,265,672,547,760,269,528,559,105,501,274,960,138,128
757,976,916,974,685,740,171,99,913,918,876,119,958,209,963,718,890,194,681,228
207,213,198,230,223,153,687,703,210,262,722,283,489,690,672,483,182,140,147,266
129,174,682,697,907,316,168,910,279,959,204,103,617,257,139,570,696,241,280,281
760,245,984,903,226,960,926,274,929,152,845,650,533,238,138,202,518,886,690,255
683,966,304,935,305,647,525,954,561,836,544,936,948,386,965,679,388,486,296,184
647,947,544,708,305,390,561,304,695,787,388,298,184,965,935,679,966,294,683,936
486,936,487,775,948,677,705,768,933,946,836,932,969,710,683,304,966,935,912,954
484,314,942,586,299,506,510,514,569,529,494,120,516,515,121,881,512,520,535,504
305,561,647,787,708,695,388,947,544,573,965,717,304,348,115,302,352,525,379,704
586,348,573,565,297,587,930,381,569,479,302,883,510,968,389,379,704,675,576,579
662,574,341,102,579,121,382,249,569,314,297,141,485,543,306,357,587,730,381,375
138,202,274,501,269,128,226,767,364,152,760,106,656,518,516,262,261,903,293,238
717,306,573,303,920,928,704,379,927,700,968,973,930,658,944,299,479,945,348,305
306,658,973,345,485,302,944,883,569,579,930,379,576,102,700,968,534,945,110,521
683,647,947,966,544,836,954,486,935,305,561,936,296,388,294,298,710,184,708,679
561,647,298,708,947,695,787,544,304,388,573,965,525,349,302,679,294,683,717,295
303,658,379,485,302,973,883,534,930,345,944,569,102,579,968,700,576,110,928,587
180,555,148,132,509,559,532,553,496,505,231,530,741,154,674,563,124,196,552,234
134,546,125,541,594,621,163,168,542,670,917,901,718,815,45,353,612,170,197,522
735,835,239,228,899,916,718,612,139,318,617,958,876,259,880,670,894,167,681,901
53,664,429,322,613,18,605,668,980,631,873,854,90,437,983,502,611,286,192,415
640,706,601,884,604,131,419,81,990,628,97,444,478,191,418,320,616,344,895,542
12,35,55,60,432,32,83,396,786,73,93,48,82,54,56,620,472,669,36,426
50,771,761,26,830,817,77,809,55,610,689,726,43,818,620,766,54,814,33,85
569,574,297,529,579,535,531,494,563,496,567,506,586,521,564,576,587,675,532,730
973,715,968,303,944,945,302,930,306,658,700,937,790,883,485,716,717,928,898,927
570,281,177,280,242,257,263,104,250,292,279,363,154,143,496,741,326,100,196,105
363,126,103,962,870,125,263,134,169,257,612,166,168,280,891,281,139,309,177,176
550,119,99,428,698,108,623,507,839,261,172,194,171,983,275,572,258,309,598,264
495,921,519,267,782,500,320,651,321,232,187,861,476,133,247,833,422,343,714,191
187,319,343,267,231,81,191,833,331,163,131,98,519,428,57,581,500,884,921,232
368,519,549,422,495,580,319,57,500,365,861,185,860,244,404,380,554,267,513,336
668,983,613,605,415,854,536,980,664,873,437,90,323,538,789,53,192,475,118,429
201,668,854,322,415,192,355,674,767,659,707,437,581,90,559,649,987,287,266,555
527,917,170,288,539,566,172,142,404,132,101,480,517,519,741,428,104,649,922,961
519,354,861,107,606,495,335,655,165,981,651,566,319,133,232,840,921,782,151,982
491,484,509,515,496,521,530,494,581,512,350,506,120,497,529,532,516,490,863,365
492,805,921,564,575,175,863,675,545,584,581,834,756,871,578,530,840,745,560,249
371,471,340,338,474,122,248,359,866,867,469,807,812,822,439,211,203,871,877,479
792,626,442,754,773,618,459,462,648,837,849,401,779,113,394,624,720,758,799,820
749,145,850,655,405,857,738,562,235,407,347,181,149,284,878,667,801,804,424,759
580,98,81,184,333,320,388,349,544,965,525,499,860,782,332,561,647,846,389,787
386,333,349,184,388,525,580,368,585,499,544,150,846,683,389,109,647,372,304,561
349,389,965,580,499,525,388,332,227,544,529,184,561,942,647,564,560,881,846,304
68,434,872,753,66,49,59,644,4,212,414,144,9,435,780,22,997,991,403,89
860,588,622,402,427,615,603,418,665,861,625,495,653,408,875,436,445,325,599,635
578,114,367,57,181,347,337,474,236,805,120,745,581,897,140,863,211,161,203,375
181,336,383,210,804,140,283,745,211,688,474,370,713,751,805,643,182,287,223,439
253,371,248,454,328,474,778,211,340,663,380,450,495,871,676,441,877,122,449,635
356,146,195,390,666,366,846,502,611,332,184,386,349,879,296,758,388,401,585,799
371,852,380,688,807,877,328,812,439,409,799,358,793,803,157,338,122,818,645,359
110,506,494,531,521,563,102,576,490,730,532,568,662,251,497,567,485,121,581,215
361,362,510,346,365,942,586,120,491,548,227,571,493,557,560,376,519,499,484,535
833,163,267,136,480,221,344,135,917,320,552,839,231,116,481,884,353,524,90,539
232,616,524,833,655,267,884,116,343,651,594,542,546,221,557,480,577,163,914,601
658,576,579,569,303,883,521,485,102,534,306,110,968,973,944,567,930,587,379,531
520,942,510,514,120,943,539,342,365,517,367,586,357,519,941,484,840,516,504,143
336,745,714,367,878,857,376,840,469,742,165,807,337,801,383,371,181,879,330,804
381,299,379,586,573,565,543,102,587,298,302,357,569,352,306,479,297,675,579,314
580,525,544,881,227,388,389,942,499,561,678,333,647,305,510,381,299,304,573,965
584,326,530,491,581,509,521,496,9,120,254,515,863,105,231,484,494,215,568,503
548,100,279,560,362,127,577,557,543,430,865,374,136,151,607,591,834,376,500,651
573,787,564,389,925,704,298,348,920,302,717,115,381,299,479,561,586,305,965,569
58,163,621,267,823,833,435,343,594,524,815,308,68,344,9,481,81,116,557,651
232,566,325,519,91,593,841,655,848,415,606,447,844,408,840,875,649,861,495,562
192,492,863,581,504,840,382,551,578,659,503,341,107,520,881,375,510,361,674,203
339,390,295,332,333,912,195,591,386,388,296,298,184,544,366,109,349,525,965,852
121,381,662,510,840,374,587,120,365,543,578,348,586,375,379,133,942,297,300,574
373,380,372,178,388,846,564,381,499,545,389,675,578,113,529,834,183,115,357,365
812,384,540,471,807,784,793,214,804,161,745,732,336,867,827,796,798,439,328,746
841,284,759,742,613,657,224,844,728,498,743,286,605,536,156,873,983,712,664,850
516,484,491,555,504,865,529,512,940,510,342,490,549,120,514,574,515,863,326,508
227,577,548,342,560,571,143,517,365,942,326,549,514,586,941,361,120,510,346,529
257,317,281,103,570,177,126,263,316,280,279,139,143,169,168,125,962,577,134,493
106,261,501,269,572,264,202,656,896,274,258,507,243,698,301,226,275,138,767,737
529,510,863,515,942,120,549,512,227,121,326,297,496,578,491,346,342,514,382,361
852,195,184,386,877,768,544,912,390,683,296,954,679,836,647,332,339,859,304,486
539,789,336,538,172,140,346,517,520,492,504,897,114,428,519,252,347,737,107,376
321,580,860,585,332,861,877,380,349,422,846,495,389,519,544,499,678,525,227,881
479,704,306,379,565,534,700,928,920,302,717,658,485,303,927,715,348,573,299,141
637,578,355,581,57,337,181,161,336,121,341,192,555,940,361,300,865,503,372,863
340,439,474,328,122,211,338,248,877,383,380,469,253,416,347,688,745,871,373,336
373,358,178,846,385,380,183,113,834,840,157,370,141,332,921,545,357,386,347,578
358,372,788,662,178,380,675,578,474,545,565,357,469,574,133,203,121,587,921,381
357,840,375,578,120,543,133,865,492,581,519,355,863,587,247,336,520,365,382,834
203,469,788,474,374,357,382,211,102,300,543,575,215,355,247,578,336,534,581,662
404,192,805,840,789,342,510,367,57,132,555,347,863,175,539,548,505,559,557,578
786,40,593,592,387,91,435,30,393,632,646,436,993,47,18,60,472,5,400,426
342,556,505,583,550,897,142,539,557,376,923,508,143,517,361,681,324,572,741,491
306,348,302,485,303,102,658,569,345,534,586,573,579,299,479,883,357,565,973,968
358,373,157,340,846,372,368,371,852,321,178,868,347,745,877,793,646,336,921,859
348,543,121,357,299,675,587,586,389,141,565,297,881,573,840,349,314,341,133,662
574,863,355,662,121,788,133,300,365,510,361,579,203,529,496,375,678,57,840,551
469,337,801,804,878,857,745,185,879,439,371,732,631,181,630,986,347,474,336,688
793,540,784,359,827,812,732,798,158,867,796,746,804,794,821,811,810,818,777,41
141,846,381,113,372,357,469,479,834,300,373,121,840,358,348,543,799,662,388,146
332,184,388,544,647,390,683,294,304,561,305,836,912,966,679,852,710,965,298,954
457,91,377,185,435,422,436,265,114,897,158,393,468,447,630,785,181,407,594,402
544,965,561,647,298,305,349,525,304,787,386,184,580,708,333,881,947,683,695,678
573,564,349,499,381,352,535,544,647,561,529,299,333,925,586,545,675,881,305,314
295,184,386,296,683,304,966,936,294,954,935,947,836,647,708,695,544,912,486,710
461,393,460,734,392,669,635,826,457,986,407,190,856,738,732,409,451,847,851,395
460,461,60,12,391,400,610,426,669,783,48,432,433,851,725,14,399,721,692,472
468,190,826,454,399,725,734,67,391,828,426,417,185,610,436,416,54,818,809,751
459,720,462,451,648,824,626,453,825,410,609,624,849,792,855,423,401,758,733,618
423,149,785,856,667,407,409,420,635,733,729,777,850,802,738,794,424,624,847,691
432,34,996,38,816,985,61,989,21,70,60,76,12,43,830,610,312,92,83,721
433,783,412,692,399,5,991,22,97,993,444,400,614,455,13,144,448,403,851,817
777,806,409,796,540,867,798,822,866,827,732,746,719,778,847,818,667,803,794,467
725,190,783,433,14,610,817,393,52,826,397,458,400,724,828,809,692,851,448,5
5,13,433,721,783,993,610,399,817,47,76,397,40,872,472,60,455,392,765,692
824,792,758,820,459,637,146,879,849,631,878,394,141,791,855,329,597,410,853,754
427,436,665,335,588,615,603,418,622,445,408,625,842,495,939,456,653,961,785,635
22,19,753,991,13,997,144,5,872,7,614,644,444,433,397,434,4,97,823,783
376,519,805,789,500,557,232,107,539,548,324,57,367,492,863,192,714,267,382,136
655,330,850,749,125,431,917,235,546,344,562,475,196,480,938,577,151,594,593,606
156,224,759,208,527,595,742,939,728,233,884,901,743,841,256,748,956,869,671,914
857,447,562,185,635,785,630,856,848,606,416,734,395,850,424,801,91,729,625,149
625,445,622,456,842,606,615,427,841,875,961,566,603,848,402,649,599,436,653,588
777,398,667,416,822,826,778,645,186,691,446,734,417,395,851,468,867,803,634,818
462,763,459,394,720,694,401,792,639,855,824,460,609,423,853,451,424,626,648,624
862,191,481,868,98,478,131,81,116,163,58,711,476,466,833,135,872,68,602,187
448,692,397,783,443,851,22,433,724,444,97,458,190,817,144,399,753,826,614,602
629,853,639,791,738,856,631,437,844,415,597,460,461,879,429,694,424,391,986,420
997,753,425,87,614,991,780,817,144,434,403,644,13,4,334,22,399,783,5,52
668,605,322,437,844,629,649,354,848,854,841,538,447,789,323,840,631,613,983,429
734,454,630,409,857,407,186,468,867,439,850,667,803,450,417,826,446,470,449,634
458,822,449,454,826,190,734,450,409,818,441,774,393,468,416,645,162,663,828,762
603,427,588,990,729,628,842,622,602,436,665,402,335,445,635,599,727,653,625,869
599,456,606,869,858,842,344,465,616,655,748,833,841,850,601,875,603,604,427,311
423,729,395,604,785,149,424,465,460,856,602,624,691,418,427,413,419,97,436,464
819,7,481,619,582,477,823,3,95,220,19,558,31,455,478,431,72,472,97,14
57,244,216,321,495,200,957,287,336,961,578,114,247,897,288,253,40,185,387,368
395,420,624,720,451,802,460,424,849,733,878,856,691,409,847,394,464,738,638,392
738,856,844,407,785,395,420,638,423,562,330,635,639,438,820,624,855,733,413,853
62,87,988,997,614,86,92,765,52,414,44,70,85,37,817,144,998,38,13,19
669,54,786,55,851,826,610,32,443,751,393,60,821,468,48,620,158,692,830,472
436,603,622,418,588,842,729,402,665,445,599,335,408,625,785,635,628,848,606,456
172,108,318,789,550,839,517,539,698,983,367,572,508,520,346,598,142,524,538,232
605,639,437,853,879,844,791,415,629,613,322,631,738,668,413,597,986,820,53,856
862,165,376,755,832,837,113,879,711,374,633,351,189,307,878,232,481,808,411,865
711,805,594,480,630,405,465,562,833,589,655,131,557,552,823,592,593,475,330,402
396,12,312,60,83,35,32,34,93,56,392,21,989,27,55,620,816,996,43,42
397,993,399,783,5,400,13,22,991,614,725,97,692,412,455,14,817,190,144,60
753,144,22,4,780,644,334,466,403,991,769,872,49,614,997,414,446,724,68,212
89,164,897,353,40,557,872,377,823,66,387,457,163,621,31,47,594,548,114,815
427,599,445,842,402,665,785,588,418,603,622,729,91,456,408,769,606,393,625,335
844,987,415,629,613,668,429,322,841,413,447,605,854,606,848,323,686,738,801,354
686,856,635,625,588,844,407,408,729,424,622,641,454,848,803,752,734,802,185,416
371,630,122,416,470,745,211,867,336,383,162,185,441,337,474,210,877,340,253,751
137,480,582,870,135,125,3,220,917,651,577,24,353,112,938,134,221,621,81,552
663,449,774,450,762,454,470,417,122,253,822,162,439,877,641,416,211,676,734,867
626,648,329,462,618,459,855,773,754,609,792,825,394,624,720,733,633,800,401,410
692,851,412,669,821,426,620,783,448,771,826,158,809,397,54,472,795,817,55,433
97,4,397,412,22,403,614,433,991,191,5,13,19,753,628,872,783,81,602,144
408,91,436,599,427,622,456,603,402,785,625,606,588,665,875,447,848,418,335,842
724,769,448,458,734,190,826,409,466,144,691,416,450,399,123,851,785,468,22,915
91,407,185,848,630,857,606,562,844,785,445,588,354,436,599,415,734,657,841,714
724,412,190,851,446,826,458,769,692,144,399,915,443,22,409,783,397,433,468,828
663,441,774,454,450,822,417,762,734,416,641,778,162,802,645,186,867,826,409,393
663,774,454,449,441,734,417,676,416,458,253,470,762,446,724,778,468,393,185,588
394,811,847,423,807,732,720,849,460,878,391,794,453,395,746,467,818,796,776,459
502,611,608,600,824,339,146,791,597,401,758,666,853,763,831,797,591,631,754,356
731,796,394,720,41,467,825,766,451,827,992,809,806,813,726,764,540,648,689,818
734,449,663,450,393,416,417,441,774,458,635,778,338,641,676,186,634,588,468,470
472,433,397,400,673,179,783,721,5,993,632,31,377,692,13,40,22,403,481,76
599,408,869,728,606,842,566,419,748,445,436,655,875,402,427,30,987,536,615,90
387,123,461,466,815,630,785,91,435,49,181,391,823,40,30,851,447,631,460,265
724,448,417,446,190,826,399,734,454,774,450,915,409,691,851,828,783,412,634,416
394,792,462,626,720,648,624,824,754,410,618,442,401,329,733,451,773,855,609,849
461,392,391,986,423,451,853,457,420,413,639,424,631,856,738,632,802,462,733,537
460,391,392,457,986,40,413,12,631,632,853,851,190,400,817,52,123,399,537,433
720,459,394,648,410,442,626,855,609,624,792,825,824,460,329,424,423,849,401,853
870,72,902,17,155,891,652,117,592,240,582,440,159,431,465,477,464,810,455,619
711,465,635,407,123,632,627,562,857,395,785,630,330,466,149,431,638,667,604,714
785,594,466,599,632,3,604,464,833,436,123,711,915,149,419,606,472,402,630,562
769,123,49,446,465,22,872,457,434,785,144,602,68,724,411,448,815,212,711,632
731,796,827,689,746,726,540,471,806,811,398,784,642,866,794,813,812,453,795,41
393,915,751,826,630,416,190,828,426,409,186,417,734,67,851,407,778,454,149,669
375,474,383,788,203,871,300,543,373,357,745,336,534,714,381,347,662,122,371,575
439,441,663,186,416,634,450,454,857,630,734,676,867,162,711,641,458,877,407,417
359,866,328,467,719,812,807,806,992,642,746,764,827,796,540,731,726,398,469,41
915,823,3,455,589,400,5,426,786,312,993,693,465,594,692,592,31,443,711,377
251,568,277,511,730,567,506,497,494,110,551,518,531,490,521,152,900,503,215,845
211,469,375,248,371,336,203,122,788,210,587,871,247,756,133,575,215,373,357,121
536,668,873,605,566,322,456,841,405,90,649,360,415,983,613,664,431,655,132,354
187,191,782,319,651,247,163,267,232,411,714,833,921,123,599,98,495,871,436,133
619,819,84,31,582,66,870,838,435,173,151,592,134,45,137,135,541,308,872,125
131,81,604,481,411,137,651,3,833,97,191,601,465,58,353,135,187,640,267,823
704,299,302,928,565,379,534,573,717,920,369,348,306,927,352,700,586,248,587,381
577,552,917,136,343,833,440,221,135,805,132,324,125,651,500,196,220,431,344,24
3,833,411,478,135,343,81,353,872,58,163,137,651,862,472,59,440,465,711,455
979,483,266,205,650,237,672,690,489,926,760,287,903,533,230,722,271,198,703,238
690,650,482,722,237,979,703,687,672,533,926,886,271,770,207,230,198,266,903,660
516,297,491,326,490,504,506,497,512,515,494,518,120,361,521,509,532,942,510,520
658,102,306,303,110,576,345,883,534,379,579,341,521,973,569,662,930,730,567,944
936,487,296,677,775,705,933,946,836,969,768,948,932,683,710,966,304,935,954,912
705,775,932,969,946,933,486,677,936,296,768,948,710,935,836,966,683,304,912,954
797,723,779,608,591,865,295,754,430,356,792,600,824,351,808,755,374,128,837,590
271,672,230,153,266,205,237,483,979,650,482,238,269,553,148,547,690,926,287,265
497,506,494,518,568,251,532,511,516,530,730,484,551,509,512,341,503,152,584,521
484,326,863,504,361,509,516,518,490,508,510,520,496,132,120,530,506,494,581,512
107,120,355,840,519,863,504,578,510,192,581,520,539,587,942,365,491,247,367,374
342,580,510,577,557,362,496,519,365,132,675,175,120,349,363,863,564,346,596,925
506,568,521,730,567,532,531,563,497,490,509,530,110,251,576,341,484,511,215,473
319,527,244,321,861,185,422,957,519,714,335,402,200,267,961,216,588,625,665,921
509,863,326,530,120,314,574,491,484,581,521,494,529,520,563,532,535,365,569,576
490,511,251,568,506,518,494,512,532,516,730,503,551,484,152,530,473,509,521,110
737,288,140,284,789,282,182,276,222,983,698,275,538,101,598,172,108,283,656,265
389,349,580,881,333,585,846,529,564,227,921,150,573,388,342,678,840,545,332,942
557,921,57,548,519,404,136,319,940,321,833,805,545,267,120,580,480,342,163,560
261,106,364,572,202,301,269,138,656,507,226,274,264,698,508,128,516,258,108,767
611,452,146,339,608,401,631,879,374,189,597,605,789,591,607,714,543,840,666,848
511,551,251,518,152,497,659,553,568,845,512,277,490,238,584,530,516,730,509,154
520,484,516,491,581,510,863,361,518,490,514,355,492,555,497,539,506,120,297,172
555,132,528,539,361,863,674,559,549,192,180,172,491,120,520,940,572,57,553,510
494,730,497,521,531,110,490,567,532,568,576,563,341,251,484,473,530,511,509,215
264,106,275,896,258,261,698,243,572,364,194,501,598,269,508,737,656,171,172,202
172,572,491,261,514,202,539,507,517,501,741,269,264,504,361,364,520,656,106,528
530,494,496,532,490,584,497,326,563,511,491,551,506,531,568,515,512,484,567,521
942,120,504,863,365,297,484,520,491,121,346,361,587,492,514,578,516,357,539,881
251,497,503,277,473,568,551,490,518,152,845,730,494,506,530,509,532,512,238,516
516,515,513,554,497,484,518,490,503,509,511,506,494,549,251,555,152,514,326,568
554,512,515,549,516,514,553,555,529,503,497,845,678,238,528,152,518,490,484,509
549,516,554,941,942,513,297,484,515,508,504,512,572,539,346,520,510,361,529,172
512,554,513,529,484,678,516,942,326,509,549,494,525,365,514,881,506,530,297,497
512,518,484,497,490,152,504,361,513,515,554,514,491,503,511,506,509,555,494,301
172,539,143,556,508,204,104,839,520,139,362,572,577,194,491,170,428,346,550,367
152,516,497,251,490,511,503,238,512,553,484,568,551,845,491,138,504,659,473,760
107,492,840,232,321,404,365,247,133,319,120,921,325,510,500,863,346,580,367,587
539,504,120,863,484,581,510,578,172,491,346,514,297,492,942,517,496,490,107,508
576,110,494,506,531,730,567,563,568,579,569,345,102,341,532,497,587,530,484,490
621,594,839,977,524,583,116,718,759,843,681,781,671,757,550,308,623,958,595,167
530,584,555,528,89,509,940,674,581,350,553,112,515,494,326,503,567,361,554,521
116,344,232,557,539,832,267,163,594,914,884,522,546,428,517,833,548,343,353,527
881,942,349,678,227,515,529,388,544,297,561,305,647,365,580,121,510,554,294,304
598,550,119,99,654,681,671,290,108,685,273,209,843,909,171,913,194,636,698,757
956,170,939,495,324,288,884,961,101,267,869,406,566,655,905,914,163,524,728,200
559,555,553,105,148,271,238,490,180,138,128,554,503,516,501,656,530,512,269,674
515,678,314,365,535,942,881,361,574,512,297,530,554,525,484,326,496,509,513,514
509,584,532,494,490,563,531,567,568,497,506,551,581,521,511,555,503,730,326,496
563,567,506,494,532,730,521,568,530,576,110,341,314,579,509,569,490,215,497,102
563,494,531,506,530,490,497,509,567,521,730,251,568,511,341,110,484,576,555,584
660,929,650,926,886,770,984,245,690,703,293,722,483,845,760,903,979,687,237,198
658,883,345,485,306,102,575,579,576,303,930,973,587,379,788,565,110,944,249,479
569,314,587,529,586,563,574,494,545,531,579,521,297,133,121,247,496,389,532,576
873,566,983,594,90,593,475,605,322,30,232,833,456,538,557,492,116,789,524,668
590,758,631,853,986,638,738,791,820,879,878,461,391,637,413,372,460,831,165,370
789,367,983,88,897,114,873,737,498,594,428,539,90,668,101,108,236,743,649,376
172,520,517,863,367,508,504,514,346,120,572,510,492,491,108,132,143,578,789,528
827,384,746,398,867,784,798,359,732,793,796,158,726,806,812,794,804,777,467,992
45,308,134,874,542,95,173,892,31,670,127,129,838,169,823,137,612,621,735,906
904,906,169,616,45,168,612,914,546,344,308,735,541,670,125,880,693,267,239,884
381,348,834,357,141,587,133,374,300,375,545,565,579,469,379,586,102,675,535,574
647,561,304,305,388,349,184,298,708,965,947,695,525,389,683,787,679,881,386,966
535,587,574,565,564,675,586,314,569,579,560,389,183,543,133,790,575,373,573,247
170,235,308,168,233,914,749,718,204,270,880,139,594,542,655,612,901,524,125,344
265,815,236,218,153,289,283,489,672,147,163,140,101,246,148,182,250,287,282,737
362,577,557,556,500,143,517,342,560,404,940,539,351,376,571,524,107,550,227,528
514,554,513,515,512,365,361,484,516,529,491,942,555,120,297,674,510,504,581,528
108,318,572,698,428,598,261,526,623,839,194,507,258,119,517,99,556,943,171,681
503,568,511,497,584,490,251,730,530,277,518,509,494,473,581,659,532,512,531,152
136,480,917,196,132,148,112,221,180,250,343,741,559,863,528,583,105,135,577,505
238,152,503,528,518,960,559,154,271,845,497,555,490,511,530,138,148,512,513,251
513,515,512,549,516,514,555,678,529,528,503,553,497,509,490,365,845,484,238,942
528,559,530,361,553,554,490,509,512,503,584,516,180,504,674,532,581,513,494,506
517,139,143,104,670,170,548,681,204,550,280,583,194,839,943,172,718,171,941,270
548,500,524,404,342,539,583,232,594,921,151,362,805,136,267,435,580,376,493,344
582,72,931,240,455,652,440,870,421,117,478,131,69,11,125,463,137,702,220,481
528,148,180,555,553,271,138,105,132,674,767,656,128,960,501,238,509,490,269,903
362,545,535,326,574,529,548,564,342,496,571,314,834,577,227,499,133,491,365,333
305,647,298,787,708,947,544,695,388,965,304,573,683,525,349,389,679,717,184,294
407,857,606,848,714,630,185,447,850,785,655,804,181,747,627,745,330,749,801,416
532,531,494,506,567,521,530,568,341,730,509,576,314,490,110,497,569,535,484,251
389,314,925,545,352,573,596,535,965,675,586,790,574,529,381,569,561,499,560,299
587,299,586,348,579,545,569,576,573,675,968,381,306,883,534,790,479,379,535,345
536,869,456,841,649,354,408,324,232,594,593,616,527,655,91,956,30,728,606,90
531,494,506,730,521,563,568,530,532,473,579,576,110,215,569,509,490,314,341,662
730,494,251,497,473,511,551,490,506,521,567,531,563,215,277,503,530,110,518,532
579,576,314,345,521,535,303,102,586,587,567,531,574,306,573,563,110,494,658,297
316,242,177,280,104,250,281,741,263,105,917,139,143,168,363,132,255,196,670,112
362,365,150,227,342,326,549,505,535,560,143,57,577,548,510,805,585,517,491,529
261,501,364,108,507,508,264,896,698,258,106,172,550,514,202,275,539,243,269,737
302,299,717,561,704,389,569,352,586,305,348,298,787,565,564,647,381,379,314,695
314,579,569,121,496,662,535,382,531,529,587,300,545,120,361,567,530,133,563,494
247,587,534,579,788,133,675,756,249,345,730,314,215,569,565,567,576,574,203,883
521,110,102,579,345,506,494,569,883,531,485,658,730,341,567,563,568,587,303,532
480,362,548,917,143,517,539,132,105,120,491,571,221,135,560,107,493,227,570,552
581,120,57,520,863,336,492,587,510,121,504,365,355,361,357,574,374,539,555,107
569,576,345,102,521,574,587,314,658,567,110,531,303,494,306,730,485,586,506,565
349,227,525,499,368,333,942,388,585,519,365,544,184,549,120,389,321,332,881,678
578,504,863,530,584,521,520,490,326,355,497,730,484,120,551,341,496,503,494,555
870,137,440,558,125,72,874,477,619,135,31,169,127,240,938,652,480,455,541,421
136,556,557,623,522,552,550,681,923,621,517,508,142,318,139,172,167,839,524,594
530,551,509,581,490,503,568,350,730,555,494,215,532,567,497,531,511,254,506,563
499,580,189,150,368,349,846,389,332,571,98,333,111,881,184,840,954,544,519,321
299,587,569,297,565,348,535,573,521,579,675,314,930,576,968,381,883,120,545,510
586,565,579,521,575,569,535,576,299,247,675,120,133,883,121,510,574,578,730,381
418,427,665,622,335,635,625,769,436,603,402,729,185,445,653,842,408,615,407,438
472,592,786,193,711,619,557,431,377,164,593,583,157,47,805,632,136,455,985,31
631,537,986,745,666,123,391,879,165,873,801,447,347,632,714,758,457,178,597,854
831,356,374,351,537,611,608,791,854,631,401,189,600,758,879,502,865,543,557,590
377,589,3,40,472,593,465,594,786,632,431,630,477,463,426,66,823,455,711,435
536,232,594,377,833,566,90,354,519,88,538,655,404,500,557,786,267,873,630,592
116,522,101,536,308,833,759,465,593,163,546,30,344,524,621,566,873,557,630,538
759,208,914,224,284,843,939,728,406,749,594,956,272,671,546,167,170,880,982,718
675,564,925,586,819,389,314,299,381,545,573,587,920,352,535,115,787,965,790,704
791,853,631,986,639,879,629,607,758,738,666,413,763,878,429,146,590,605,461,460
243,698,108,258,275,194,507,264,896,273,99,526,119,364,171,550,106,209,685,572
436,456,445,842,665,427,419,606,869,91,785,603,408,465,655,616,729,447,622,625
611,608,452,633,791,824,465,591,631,466,632,597,602,58,831,374,832,833,419,758
311,884,640,706,81,131,604,344,616,137,419,221,478,191,542,651,97,267,895,231
191,418,769,97,628,729,466,785,990,123,599,603,436,427,665,604,465,411,842,420
427,418,729,842,622,588,436,402,335,599,665,408,445,625,990,686,869,628,606,602
131,478,601,465,420,640,81,884,311,651,602,418,149,616,419,97,862,902,191,729
415,668,322,429,873,536,983,613,844,631,475,879,789,360,629,538,801,649,841,820
848,655,850,408,562,456,599,747,419,407,447,842,625,445,436,91,427,841,844,785
597,791,873,351,592,608,879,878,590,165,465,430,631,711,401,196,611,605,820,502
452,611,600,502,401,591,597,607,351,824,430,791,339,146,758,797,543,488,356,374
648,624,855,825,462,394,626,720,442,459,423,849,733,824,395,410,392,638,691,453
830,725,399,721,809,32,400,26,47,828,771,60,669,14,426,396,817,190,766,55
502,452,146,600,608,339,631,374,597,605,591,791,401,879,189,415,607,789,848,447
168,880,239,735,670,169,899,139,126,309,129,542,103,697,174,617,280,546,906,134
664,322,437,841,360,605,668,980,983,286,53,415,844,429,536,873,475,987,728,284
997,425,87,991,433,22,52,144,397,993,403,5,414,444,13,19,62,434,753,4
653,622,625,408,727,402,335,961,588,665,956,456,427,603,566,869,495,436,990,875
869,748,344,914,884,267,542,232,842,116,655,566,594,599,524,546,170,343,749,728
899,239,735,228,880,835,174,139,916,259,697,129,309,670,718,612,168,876,894,682
733,626,645,773,643,442,648,459,754,329,624,849,794,688,667,739,669,720,395,792
31,477,589,582,45,693,472,308,3,151,455,592,464,421,541,130,125,95,431,870
669,821,443,426,32,771,692,610,312,55,786,830,814,26,54,432,313,817,392,796
522,839,977,353,212,308,101,594,134,623,815,197,670,583,823,781,163,188,435,139
427,625,653,615,408,588,603,335,418,436,445,727,842,402,665,686,729,990,599,875
142,882,318,896,550,839,171,275,507,119,99,194,718,167,273,276,264,258,272,583
626,638,720,423,459,609,849,648,733,395,394,618,462,424,855,420,667,691,464,824
408,622,615,588,653,427,842,665,848,606,686,335,961,402,445,603,407,438,495,436
442,648,618,624,459,329,462,720,394,792,855,609,733,754,773,849,638,824,825,645
857,562,407,711,734,635,464,786,686,868,667,785,123,676,181,714,416,745,427,850
418,729,990,427,602,842,603,665,436,588,868,444,97,311,635,640,769,412,191,402
413,639,844,738,415,437,791,853,605,631,856,597,879,429,848,801,820,407,606,354
857,185,407,804,416,439,447,751,468,562,181,745,915,798,594,734,457,742,850,785
986,879,597,590,853,605,801,878,738,407,383,537,791,629,820,415,413,758,447,562
465,377,464,457,472,455,461,466,590,40,592,31,30,594,460,785,630,481,791,400
862,465,165,643,792,758,430,711,618,562,632,666,754,873,464,820,113,466,395,749
734,645,409,416,470,454,802,641,676,739,733,417,458,691,450,667,439,446,822,630
407,588,729,427,438,686,454,848,185,395,857,606,391,734,625,676,402,464,149,418
843,750,671,684,958,772,757,781,905,890,209,273,290,661,119,99,225,654,918,913
370,820,878,879,707,738,401,141,355,337,300,713,246,192,383,537,631,801,146,865
624,738,849,424,537,733,855,820,626,464,853,631,618,423,395,720,801,391,459,407
413,629,694,429,856,738,853,763,791,597,820,844,879,424,605,801,415,878,460,437
311,706,601,81,604,131,616,884,419,444,478,628,344,542,914,990,320,137,904,895
802,856,454,663,449,441,734,634,417,822,803,416,645,676,470,450,438,847,424,407
764,719,992,467,866,471,827,540,398,806,726,746,784,731,813,766,732,796,811,777
804,688,794,801,857,878,732,618,667,337,733,746,745,645,776,630,799,803,811,712
753,780,4,434,22,403,414,991,144,872,334,66,466,997,68,19,614,444,137,411
802,739,822,409,733,634,618,688,417,794,676,669,643,667,866,803,641,162,777,734
179,47,377,380,321,985,157,368,585,59,846,98,422,580,57,593,435,130,921,786
561,305,544,298,947,708,304,695,787,388,965,683,184,573,389,525,679,349,966,294
626,442,609,462,459,825,394,855,624,618,720,733,792,329,849,453,645,824,638,754
668,200,566,961,288,848,408,415,957,538,324,527,875,498,404,354,655,216,789,869
533,926,483,760,903,979,690,929,845,703,293,245,722,886,984,960,672,482,503,237
267,135,344,220,187,319,921,861,480,833,714,476,782,495,519,500,125,524,350,279
117,11,870,72,463,440,66,19,582,95,403,7,558,823,455,644,872,673,137,13
727,615,622,994,625,588,408,335,665,402,990,427,418,603,445,961,436,495,956,842
684,909,913,661,893,974,978,908,976,750,972,740,964,890,918,963,209,757,99,290
606,344,405,749,546,616,562,456,235,566,599,594,354,527,330,842,869,232,170,101
269,767,364,106,202,501,274,138,226,301,737,760,507,903,172,261,289,528,572,559
801,857,738,712,841,360,224,742,804,447,347,630,848,284,732,850,643,856,140,498
306,303,883,485,345,534,102,973,930,576,579,944,110,569,968,379,521,302,700,587
503,152,511,251,518,551,845,238,497,553,138,192,512,490,568,516,154,355,767,555
770,533,929,984,886,926,245,690,703,650,293,483,722,687,845,903,979,760,198,277
978,893,908,964,972,913,974,684,890,654,740,918,976,750,963,909,290,757,209,916
341,300,574,567,730,121,215,494,357,102,531,484,678,314,382,579,110,506,485,521
449,441,450,774,454,470,762,641,417,822,734,162,676,778,186,416,253,338,867,877
613,980,983,286,53,322,728,118,536,498,668,360,748,538,841,566,475,605,90,284
588,427,436,599,990,402,418,625,335,603,622,729,842,408,445,653,615,495,628,456
853,758,879,801,791,189,590,597,986,631,165,413,339,415,629,846,837,627,738,820
777,669,409,395,794,416,732,733,398,810,850,785,643,851,630,804,821,426,562,407
415,649,322,605,983,323,475,613,437,192,789,538,90,404,841,844,536,498,873,354
821,851,620,426,443,667,32,610,692,818,809,828,796,55,826,771,777,409,391,54
139,735,170,280,168,204,239,104,259,556,880,839,612,143,517,899,228,917,617,570
843,905,273,636,958,772,225,119,209,718,684,99,781,290,918,208,750,171,256,526
690,489,926,483,238,960,650,198,722,271,237,979,903,482,929,760,255,245,289,147
721,816,61,76,985,455,400,92,70,26,396,610,117,47,830,765,725,29,85,179
555,289,581,559,528,584,147,549,236,192,57,201,180,578,505,553,659,656,271,355
596,587,586,381,314,545,565,574,575,535,133,299,120,564,496,389,247,348,373,510
734,450,454,739,635,470,634,441,645,416,857,409,663,641,391,778,446,774,439,407
775,933,487,486,946,969,705,932,768,936,948,296,836,710,912,935,966,683,304,954
881,515,529,525,554,942,662,314,513,512,349,297,227,484,581,514,504,551,365,549
954,683,647,544,561,304,305,184,294,966,298,388,965,935,951,947,386,295,787,708
924,17,240,281,891,701,962,175,756,363,257,493,263,155,931,900,220,142,870,463
685,194,718,171,290,876,119,757,958,99,835,843,228,976,894,167,526,740,556,275
174,697,910,959,696,292,907,129,126,612,103,617,904,906,168,880,169,899,239,735
966,304,954,935,836,936,486,294,296,948,710,947,647,775,912,933,561,544,487,932
654,909,750,661,913,908,974,978,893,209,976,890,740,636,972,964,918,99,963,290
194,290,171,681,876,119,718,99,835,228,958,243,273,275,976,272,757,209,843,963
438,848,752,625,635,622,408,747,603,588,844,427,407,627,875,857,729,562,856,606
207,703,722,198,483,690,277,770,238,845,291,650,213,230,903,503,533,926,660,152
643,812,793,804,807,794,340,337,776,645,739,799,803,857,777,811,371,383,746,732
726,813,827,784,731,467,776,796,540,806,746,811,761,41,313,398,384,992,771,777
483,926,533,650,929,672,703,722,660,687,770,886,293,245,984,198,979,845,903,482
409,733,446,458,851,785,395,724,634,448,645,769,420,915,392,123,826,667,423,734
443,851,783,412,817,397,669,448,399,433,190,771,426,826,22,400,620,48,809,821
914,542,472,149,993,619,786,616,426,904,267,436,402,939,915,593,433,45,312,711
763,639,413,856,410,629,424,844,420,641,438,853,460,423,686,747,738,802,801,429
708,947,647,787,305,298,561,544,717,115,573,304,965,295,704,388,184,920,302,935
910,959,174,697,682,129,907,292,617,126,904,899,103,612,169,45,892,874,906,176
174,682,910,959,907,129,696,292,126,617,103,612,168,169,899,176,906,570,239,880
258,507,264,896,108,275,243,598,261,572,106,194,364,501,737,550,318,119,99,172
955,949,702,931,166,175,176,885,315,558,709,240,680,755,889,934,953,951,952,193
715,945,716,971,278,970,898,928,919,911,927,888,887,944,260,937,973,303,306,302
900,154,553,124,509,271,551,148,503,559,568,238,584,530,180,528,555,490,513,152
949,955,931,166,709,699,953,176,934,889,558,967,950,951,240,952,175,755,69,744
687,722,690,533,483,650,770,198,207,886,660,213,291,929,926,262,984,903,845,293
717,479,302,928,920,573,927,352,299,369,379,306,700,565,348,695,586,298,790,115
487,932,775,946,969,933,677,486,768,936,948,296,710,935,836,912,966,683,304,954
311,640,601,81,131,884,895,320,604,444,221,478,419,616,231,97,343,990,217,628
767,266,713,223,722,237,271,489,650,124,205,268,287,153,213,207,138,230,483,559
695,947,647,787,305,561,298,544,115,965,717,304,573,295,388,935,966,184,920,704
889,953,952,950,967,934,951,702,949,744,755,558,193,166,240,808,589,69,885,505
912,836,486,936,775,935,966,296,677,768,948,487,683,933,946,969,705,932,954,304
193,431,862,805,464,868,465,594,786,630,562,589,857,627,181,411,470,402,472,714
803,732,804,794,657,798,801,844,847,777,667,850,643,360,384,746,540,867,811,841
707,223,207,337,687,210,703,153,230,291,287,213,722,182,283,246,266,262,637,370
745,562,347,185,805,519,857,123,495,871,840,404,407,469,246,374,651,921,382,247
700,971,937,898,945,927,970,716,928,278,973,911,919,887,944,888,260,790,303,315
278,970,971,887,919,911,260,945,898,888,700,937,715,928,927,944,973,303,717,930
302,928,704,927,920,573,695,298,115,306,303,708,700,715,787,561,479,305,352,379
958,894,290,685,239,228,681,835,843,876,916,671,735,171,275,194,272,170,757,139
992,806,764,642,866,398,471,796,726,540,827,746,731,41,777,467,813,818,822,798
394,462,459,624,423,626,849,648,451,825,453,410,609,824,618,733,794,424,802,847
400,610,673,816,26,14,76,783,725,47,60,396,70,399,830,13,771,765,92,817
703,483,687,198,690,650,533,929,886,903,672,926,207,213,979,262,960,660,770,760
848,635,427,606,686,622,625,603,408,436,418,488,445,335,402,588,454,842,91,407
446,448,458,190,769,826,399,734,144,915,22,412,851,450,409,417,433,691,466,397
399,610,190,393,14,433,765,830,721,52,828,783,826,809,60,400,766,32,26,76
813,689,731,784,806,992,41,827,540,467,719,384,746,796,398,313,766,764,642,471
653,615,622,990,994,418,603,665,588,625,427,335,729,842,408,869,402,961,436,628
748,772,286,456,759,841,781,905,208,914,224,869,595,671,664,956,406,360,983,527
427,418,603,842,635,588,436,420,628,785,602,407,665,395,149,599,622,769,402,606
568,506,494,531,521,567,110,497,490,511,215,251,473,576,563,551,532,341,530,503
467,726,689,813,453,784,806,827,992,41,796,719,811,746,866,471,540,776,764,642
794,847,777,803,804,746,811,812,798,712,540,384,807,398,867,667,796,643,67,793
618,645,849,691,667,395,409,794,624,643,669,634,630,626,638,424,688,337,423,851
416,454,450,446,676,393,634,417,185,407,409,724,458,391,468,449,630,826,774,635
239,899,617,880,228,670,835,309,139,612,718,958,916,168,259,901,977,894,542,839
739,627,464,711,618,795,468,868,733,759,562,669,742,688,828,857,236,628,412,181
498,140,507,896,656,698,275,282,106,364,269,172,572,501,182,222,283,264,268,767
424,801,820,856,844,629,878,879,657,407,639,330,631,395,848,853,855,413,638,391
645,688,676,634,669,643,409,822,733,802,439,186,778,618,734,340,454,796,627,667
918,890,976,974,757,908,893,290,661,916,913,963,978,964,750,654,684,876,958,972
104,508,242,202,105,261,280,570,250,491,917,264,196,269,882,255,172,143,148,507
743,923,224,759,284,158,841,156,360,197,406,594,630,347,657,873,745,181,367,804
742,156,224,284,759,256,158,199,636,901,88,737,406,286,538,272,360,206,975,843
193,776,793,827,810,795,688,812,689,467,771,755,811,794,746,540,885,784,804,814
804,714,336,347,181,337,871,439,805,630,469,367,857,383,178,185,793,840,359,562
811,812,827,794,732,540,784,776,806,398,384,807,793,467,847,796,804,777,803,813
850,606,686,562,655,416,857,848,407,468,599,603,625,752,408,427,844,841,454,749
728,869,616,914,456,884,772,170,939,841,116,208,344,406,527,524,982,232,419,566
546,655,330,235,595,562,606,405,616,759,850,914,170,233,165,857,594,224,841,657
684,661,209,654,890,913,636,908,740,978,909,893,918,974,976,972,757,290,964,963
181,265,630,468,147,140,426,185,547,804,40,337,236,336,826,393,291,422,851,145
686,408,393,603,445,622,747,427,438,54,625,588,436,402,786,426,67,335,454,848
22,4,644,434,780,403,991,414,997,144,872,397,614,433,412,783,334,444,19,5
792,329,773,824,779,459,797,618,626,442,633,401,394,462,800,808,648,758,837,849
808,837,430,744,189,193,178,150,351,376,951,862,865,950,779,585,758,934,113,505
575,474,496,203,375,215,247,788,924,469,175,534,863,805,373,587,701,133,900,574
890,740,918,290,916,976,974,908,893,963,913,171,978,843,977,99,661,964,876,119
666,853,986,824,537,401,631,597,791,837,879,849,878,590,178,820,831,792,633,451
595,224,284,208,914,843,841,156,728,742,939,905,594,743,671,360,406,781,772,272
293,903,274,960,226,138,245,650,152,238,202,269,926,979,262,255,518,984,301,106
771,313,809,50,818,814,689,26,692,55,783,766,35,821,443,726,817,54,830,885
774,441,449,663,450,417,822,458,454,641,734,645,470,162,634,676,724,416,186,409
694,410,639,597,791,853,413,631,429,629,879,986,460,401,605,146,738,820,758,856
642,719,992,806,866,471,796,467,726,827,540,398,766,731,821,41,453,813,784,746
86,92,70,76,85,62,988,37,425,725,87,38,997,998,13,77,26,400,61,44
809,771,830,610,818,796,67,540,54,725,828,398,399,26,41,821,52,726,453,761
269,656,138,274,903,262,301,182,760,226,202,364,106,707,501,559,289,128,737,283
775,677,933,946,705,936,932,486,969,948,487,296,710,836,912,935,966,683,954,304
446,588,466,724,785,448,602,436,144,22,734,729,427,599,149,447,123,185,445,434
660,533,929,984,886,926,690,703,245,687,483,650,845,722,293,238,277,198,207,903
761,313,830,766,809,26,818,610,821,817,692,814,783,620,669,443,55,721,793,54
905,671,781,636,225,843,958,728,208,977,895,914,256,890,217,684,918,759,718,748
618,754,329,442,626,792,459,643,849,394,688,799,733,779,648,720,794,776,739,633
762,449,450,441,663,454,417,458,734,822,416,676,470,724,641,778,409,468,634,253
933,946,487,932,705,969,677,936,486,768,948,296,935,710,836,966,683,912,954,304
811,746,812,794,793,688,827,689,799,784,744,807,732,643,804,384,810,801,847,813
398,732,409,667,796,822,794,847,798,803,818,806,867,778,811,67,812,540,804,821
409,867,777,398,454,822,449,186,468,806,450,338,635,826,416,663,676,803,67,734
808,754,797,837,792,329,113,800,773,488,758,799,723,755,459,633,430,666,824,390
753,644,4,434,22,144,414,991,448,412,403,614,769,466,397,724,997,334,433,872
772,905,225,977,636,208,671,843,728,914,958,759,163,895,718,217,522,256,890,621
187,319,476,133,675,247,586,573,299,925,381,314,587,564,389,519,651,561,545,348
692,399,817,433,397,400,412,13,14,5,190,851,443,721,22,19,771,610,725,52
827,689,813,384,540,726,359,746,731,812,806,776,793,804,811,467,796,398,992,794
436,407,769,395,599,465,427,729,91,445,562,123,466,842,149,857,915,447,457,667
426,377,312,472,589,12,620,193,711,60,669,593,54,88,610,47,55,627,592,387
298,708,561,695,965,305,647,947,388,573,352,115,544,717,184,925,920,389,295,966
247,375,575,382,534,203,373,474,662,469,133,579,574,587,535,300,249,215,578,121
538,367,983,428,498,114,539,404,172,108,737,376,598,840,101,897,520,767,346,192
968,715,565,345,883,930,944,920,658,564,576,569,573,973,579,545,586,700,306,927
853,597,413,629,879,631,639,666,429,758,820,537,763,146,986,738,605,632,401,590
754,459,329,824,401,626,797,394,462,442,773,633,758,618,648,779,624,720,820,410
812,384,359,540,688,807,821,776,818,814,746,794,795,804,732,810,745,784,796,827
811,732,746,847,643,777,803,812,827,776,667,688,804,712,540,793,384,733,398,801
821,810,793,158,828,796,771,669,443,809,384,467,692,814,849,818,620,744,409,41
398,818,777,821,809,467,540,827,806,384,41,669,992,732,866,689,793,766,811,746
754,792,824,779,459,488,608,723,401,394,329,462,442,410,626,648,773,720,624,452
867,732,398,540,67,384,777,847,826,158,630,809,712,409,803,804,796,426,818,915
688,776,878,849,340,643,794,801,385,812,852,807,383,347,846,372,793,879,837,811
459,820,633,462,754,853,779,758,618,792,738,808,773,424,639,329,837,442,733,413
879,878,738,803,383,857,856,657,407,804,643,848,820,712,631,732,562,847,794,347
641,645,847,856,803,409,634,395,822,423,734,417,416,449,794,391,454,383,866,732
847,732,712,794,867,801,777,804,416,811,409,802,866,822,812,688,798,398,856,746
745,732,643,630,337,857,712,688,803,878,794,181,867,383,145,185,801,812,140,562
404,863,57,336,376,559,539,575,181,714,132,271,175,480,745,367,492,247,500,114
719,866,398,827,992,726,822,796,731,777,540,746,813,867,784,41,467,811,818,471
812,359,732,793,688,340,746,811,451,471,776,347,847,469,804,803,745,794,383,777
837,755,779,113,799,430,666,744,758,178,754,688,189,150,385,868,585,800,862,951
818,766,771,610,796,828,821,830,669,399,817,67,826,190,851,798,761,725,26,14
795,793,821,667,384,158,540,771,794,796,776,669,744,620,827,732,443,811,742,467
794,746,847,812,776,732,827,777,803,451,807,384,796,540,806,467,784,793,878,688
807,793,746,811,359,732,688,384,794,776,540,784,827,804,777,847,340,803,471,796
726,689,784,731,827,806,992,41,540,746,467,796,776,811,719,384,313,812,471,866
793,771,821,157,620,761,358,795,384,313,859,818,669,885,35,786,380,809,312,340
101,547,163,265,197,915,457,621,145,212,158,68,308,353,594,267,140,236,751,823
76,396,26,70,21,61,8,92,985,721,830,65,34,37,673,77,996,38,85,20
783,399,692,26,400,13,771,610,809,190,52,433,5,313,830,87,721,851,997,412
809,796,821,771,826,777,669,417,793,409,398,828,766,190,732,830,384,393,822,806
596,84,477,564,499,421,675,111,925,358,493,380,333,580,342,66,481,965,59,557
879,637,738,878,801,141,631,165,853,401,639,629,791,605,424,537,189,986,849,638
669,796,620,818,809,795,793,443,771,426,851,384,810,777,32,814,667,828,54,692
449,866,417,777,398,645,409,806,867,778,803,663,441,774,818,732,802,454,847,796
31,58,353,7,472,3,435,19,621,594,457,117,5,30,308,403,872,815,95,915
401,792,754,459,394,758,797,853,720,462,451,624,626,849,831,791,410,855,608,631
648,609,394,720,453,847,462,645,855,451,459,794,802,442,733,803,626,409,777,395
190,448,393,851,417,399,409,724,458,426,828,818,446,468,798,809,669,67,734,416
540,784,746,689,806,811,384,794,813,796,726,398,467,812,776,731,992,41,793,732
190,610,809,826,393,468,399,669,851,725,14,818,417,795,766,821,458,783,426,32
6,21,2,43,83,15,35,82,312,32,73,36,56,93,75,33,55,77,432,25
26,610,771,77,54,37,766,809,816,396,313,60,76,725,70,55,34,426,32,43
591,758,537,824,791,986,20,821,638,356,631,590,464,432,632,451,391,853,178,620
524,116,346,232,428,539,594,789,914,225,165,781,163,522,595,114,759,430,728,367
343,163,344,267,90,116,594,232,480,481,921,593,353,500,98,187,524,101,651,135
543,840,133,381,921,357,111,120,675,578,382,374,574,560,587,121,545,565,388,373
228,916,958,239,876,685,718,735,290,171,309,899,617,194,976,843,681,119,757,894
966,683,486,936,954,710,304,935,296,677,912,775,948,933,768,946,487,184,969,932
808,755,113,758,150,799,189,430,846,779,585,666,385,178,329,390,372,332,386,183
173,127,874,279,577,541,363,137,100,177,477,257,570,129,316,143,24,480,281,134
194,882,171,258,517,264,261,275,621,572,507,917,428,550,108,623,670,318,172,104
492,519,355,357,834,374,381,587,365,382,107,510,189,192,578,346,133,121,376,881
360,759,284,844,566,728,408,224,742,613,606,657,354,842,406,748,415,595,668,456
427,603,729,869,436,599,408,418,456,625,622,606,616,402,588,665,785,841,655,628
671,958,636,905,718,273,757,290,890,772,119,918,740,750,99,225,894,759,208,171
437,841,415,629,738,424,856,987,407,605,360,447,606,712,408,848,354,429,668,686
984,152,511,503,238,245,650,518,293,251,553,497,926,929,659,512,533,516,886,960
499,372,585,389,385,380,184,382,381,358,840,189,332,388,349,150,111,333,834,368
732,803,811,794,802,777,798,398,812,451,867,878,746,801,796,856,712,409,804,807
606,447,407,562,91,686,625,857,408,649,427,801,635,185,354,445,844,842,415,738
733,878,624,720,799,638,451,394,618,423,645,758,383,795,688,820,667,794,923,801
747,606,857,416,149,407,562,856,330,667,785,630,405,395,655,749,468,712,801,657
692,443,669,448,826,412,190,426,783,399,409,915,828,809,821,468,724,785,667,144
366,340,184,877,386,380,388,544,787,647,368,390,799,305,298,304,371,349,965,683
791,413,666,597,758,631,639,429,986,629,879,537,738,820,460,824,801,424,461,763
322,189,323,415,668,437,536,983,605,590,192,354,873,629,840,632,327,404,376,53
609,648,462,626,738,424,442,638,624,394,459,825,820,401,720,562,733,165,878,785
424,407,641,802,738,395,438,857,801,850,639,844,785,847,416,803,635,629,562,413
407,630,562,185,850,416,804,447,848,627,801,856,714,383,657,347,745,643,871,785
419,603,599,427,456,842,875,622,436,445,402,431,601,566,833,616,335,344,408,606
157,380,814,84,692,366,115,783,332,877,851,386,852,610,399,368,828,358,14,809
335,861,368,321,868,98,402,130,495,665,580,877,151,599,232,267,585,436,319,588
860,868,495,335,368,325,651,321,319,151,267,519,354,232,921,665,714,782,902,500
868,411,711,232,116,633,430,481,833,98,189,187,81,604,191,857,376,131,714,231
491,581,496,510,504,520,539,355,365,132,492,509,578,382,120,172,555,326,107,361
6,829,21,2,831,537,183,20,821,591,638,620,619,464,816,589,940,372,764,130
361,555,374,516,515,512,192,529,940,662,326,574,484,554,128,503,509,504,382,581
806,719,822,398,471,867,992,796,803,642,847,746,467,777,645,540,818,409,764,812
798,540,398,803,162,822,186,416,384,778,804,777,439,866,732,409,847,806,857,359
862,861,411,232,860,711,380,267,857,319,335,627,628,151,651,427,495,714,246,782
616,748,842,566,456,599,884,914,527,728,232,419,655,408,939,603,344,406,427,841
891,582,440,155,317,126,652,263,137,463,103,363,117,125,72,477,134,240,874,169
248,474,469,745,714,857,249,788,247,185,575,375,407,211,479,371,804,756,630,107
68,66,22,466,40,49,403,400,435,783,89,5,144,19,481,3,334,753,9,434
536,605,538,594,322,475,742,90,983,116,668,593,841,360,566,30,789,590,546,631
173,838,541,127,169,45,582,870,95,176,137,126,612,279,129,542,477,177,103,363
408,456,445,335,649,354,566,625,987,606,622,603,848,615,419,686,427,844,668,869
290,685,916,171,835,976,194,119,681,718,740,963,228,99,757,958,974,894,913,104
340,852,368,371,441,439,366,211,380,867,857,470,860,846,663,157,474,210,416,338
879,801,820,738,804,383,986,347,849,643,847,631,799,637,811,794,732,330,451,337
820,878,801,631,986,738,383,146,429,605,666,791,853,347,637,597,629,639,165,857
239,735,899,612,228,617,139,670,259,168,835,718,901,914,546,958,309,906,204,170
525,678,349,942,529,515,227,297,510,381,121,499,544,365,389,314,120,357,554,355
142,623,104,194,839,275,264,962,258,507,741,261,171,167,106,243,572,364,896,172
930,658,576,534,345,303,306,485,968,110,102,973,521,587,579,944,569,506,586,299
616,914,895,344,601,527,869,267,748,217,116,131,524,772,343,406,170,956,542,232
793,814,193,761,744,771,313,240,776,589,812,384,620,827,689,669,175,692,786,795
533,984,660,770,650,929,245,926,690,703,722,293,483,845,760,687,979,903,138,960
911,970,919,971,260,716,278,888,898,945,937,700,715,927,944,928,973,920,303,717
898,911,887,716,970,919,971,278,945,937,260,700,715,927,928,944,973,920,717,303
952,967,709,953,950,951,934,949,702,755,744,558,166,679,808,69,193,505,837,680
918,740,757,908,974,893,976,661,978,913,916,750,964,963,290,684,654,958,972,977
870,263,103,281,962,126,155,134,257,363,317,177,463,902,169,440,582,125,541,892
45,541,169,612,134,906,31,910,176,126,904,103,899,168,129,697,308,682,907,891
908,978,661,964,974,972,913,890,918,976,740,654,757,684,963,750,916,290,909,209
718,901,958,975,229,208,843,876,228,290,835,916,681,272,685,256,239,225,740,259
217,977,772,884,918,225,914,781,208,839,958,890,735,671,740,843,718,757,905,171
507,264,258,698,275,106,364,243,572,261,737,598,501,194,656,269,623,171,202,108
114,236,538,57,163,367,188,539,336,252,578,674,435,789,88,289,404,376,594,422
911,888,937,716,887,971,970,919,278,945,260,715,700,927,944,928,973,920,790,717
617,735,239,228,880,835,916,139,309,612,718,670,174,259,958,168,901,697,894,129
701,154,473,277,511,152,503,518,251,845,509,553,551,238,568,497,659,490,960,687
894,233,259,239,718,156,139,880,735,272,914,204,546,235,170,670,958,241,308,899
938,155,463,651,599,665,861,860,604,267,616,440,240,126,891,402,904,436,606,103
760,293,226,960,274,238,138,152,650,245,262,767,269,722,518,926,198,202,255,929
906,542,45,169,910,959,126,907,682,612,103,168,880,616,735,899,693,892,129,665
772,671,843,208,256,225,781,273,636,958,750,975,759,224,728,918,199,209,684,977
904,542,169,168,880,612,126,899,907,735,235,682,239,546,910,174,959,939,697,170
697,126,103,682,129,959,174,910,292,169,176,904,906,696,168,617,363,612,177,281
893,978,661,964,974,976,972,890,913,740,918,654,757,684,963,916,750,290,909,99
684,654,209,913,750,974,661,99,972,976,963,740,119,918,964,978,290,893,890,908
959,682,174,696,697,907,129,904,292,126,169,906,103,899,45,617,612,892,542,735
919,887,970,971,260,716,278,898,888,937,945,700,715,927,928,944,973,717,930,303
710,836,966,768,683,677,948,486,946,969,775,936,933,296,935,705,304,487,954,932
972,661,963,974,893,908,976,978,964,684,209,654,290,740,890,918,99,750,909,119
208,759,616,748,595,772,884,546,939,170,781,728,880,542,869,272,901,524,958,718
468,815,149,851,630,448,197,724,472,158,785,458,190,465,798,30,308,399,547,665
757,290,835,228,740,976,918,890,958,974,876,908,893,718,978,661,913,964,963,171
125,250,104,577,552,480,741,221,839,280,105,570,132,135,324,170,177,134,517,670
890,740,757,974,893,976,908,661,916,290,913,978,963,964,750,684,654,977,958,972
911,971,970,260,887,716,278,898,888,945,937,700,715,927,928,944,973,717,930,303
717,928,302,704,927,115,573,479,306,790,352,715,700,303,787,898,379,695,565,708
500,319,519,133,834,833,499,651,57,578,187,545,557,374,247,373,492,565,714,495
961,957,244,200,216,205,527,324,266,938,402,246,649,552,287,956,495,422,288,805
742,282,252,158,197,583,156,145,901,557,759,233,594,406,222,116,224,114,162,367
968,944,756,586,569,521,575,345,579,576,680,587,675,658,930,883,534,102,496,110
564,352,596,389,965,787,573,704,782,115,561,920,675,545,647,586,314,133,381,708
929,245,533,650,690,984,293,960,660,672,979,770,886,760,483,845,903,722,238,255
928,717,715,700,920,898,971,970,944,302,911,919,937,704,278,716,887,888,945,973
927,717,700,715,920,302,704,971,970,898,716,944,278,919,911,888,306,945,973,887
926,245,984,533,660,770,293,650,690,886,722,845,960,903,672,703,760,979,483,238
883,968,658,944,306,303,973,299,576,586,345,534,302,945,485,790,110,102,315,565
240,702,558,176,582,220,72,955,440,480,166,175,493,363,680,577,478,69,870,257
969,933,946,705,775,487,677,936,768,948,486,296,935,710,836,683,966,954,912,304
946,775,932,969,705,487,677,948,936,486,768,296,935,836,710,966,683,912,954,304
951,953,950,952,709,679,967,889,564,965,352,925,787,69,949,702,389,954,596,573
966,936,948,683,836,954,775,933,304,710,486,947,946,932,296,487,768,677,969,705
486,775,933,487,946,948,296,935,966,932,768,677,705,836,969,683,710,954,304,947
898,911,971,970,887,888,919,945,278,716,260,715,700,944,927,973,928,315,968,790
902,922,939,956,324,655,440,906,566,616,125,240,405,527,552,582,344,917,402,267
956,527,759,914,170,402,595,406,233,748,156,208,869,594,938,566,224,616,961,781
361,555,326,528,529,581,549,865,523,496,554,491,514,505,530,365,863,509,57,515
943,514,942,572,549,346,108,297,510,550,362,501,143,529,517,361,508,172,556,261
525,510,297,515,227,514,881,484,120,529,346,365,349,941,520,678,549,516,586,512
941,346,514,550,108,572,942,501,556,510,362,549,517,361,342,143,428,261,118,897
973,945,303,930,968,700,715,658,306,927,937,898,928,883,971,970,345,919,716,911
716,971,887,278,970,919,700,898,911,888,260,937,944,973,715,303,927,928,930,302
933,969,775,932,705,487,677,936,948,768,486,296,935,710,836,966,912,683,954,304
708,695,647,304,305,561,787,298,935,966,683,544,936,954,836,965,486,295,710,296
933,946,936,935,775,932,486,969,677,768,487,966,705,296,836,710,683,912,954,304
702,955,699,709,934,889,953,166,950,967,951,952,931,755,744,175,558,176,885,193
953,967,952,709,889,951,934,679,755,949,702,808,744,69,585,571,954,150,564,837
934,953,950,679,952,967,709,889,69,954,585,150,965,352,564,925,935,966,755,787
967,889,953,950,709,951,934,949,702,755,744,679,808,69,837,193,558,585,505,954
950,952,967,709,889,951,934,702,949,69,679,755,744,564,837,808,585,954,571,493
683,966,836,935,936,304,679,486,947,710,948,775,296,184,933,912,932,294,487,677
699,949,702,931,176,166,240,175,885,164,493,558,167,680,315,17,870,363,131,125
527,939,170,961,759,566,595,728,615,884,905,208,408,772,406,324,224,938,625,781
200,244,961,287,216,205,288,922,495,266,422,489,246,265,649,271,230,979,625,527
718,843,835,228,916,290,671,894,636,685,890,918,772,740,757,171,977,876,681,905
910,682,696,174,697,907,292,904,129,169,126,906,103,617,542,168,45,899,612,880
760,903,245,255,293,238,553,926,152,650,226,672,274,984,979,929,198,845,518,148
957,200,216,922,244,288,649,527,408,625,956,287,266,205,615,422,495,402,324,482
882,104,263,317,142,891,280,139,741,170,876,281,143,363,259,125,103,167,556,623
913,99,976,974,209,119,964,972,740,908,171,290,890,918,893,194,757,661,978,909
972,908,978,893,661,974,976,913,963,740,890,918,654,684,757,909,290,750,916,99
787,388,561,647,544,305,966,298,708,564,184,947,333,695,925,935,349,389,304,683
683,935,836,936,954,304,948,486,710,947,294,296,933,775,912,965,946,487,677,184
952,889,950,953,709,951,934,949,702,744,755,679,808,69,571,954,585,505,193,837
790,930,944,883,658,345,306,973,576,303,586,569,302,521,565,715,315,299,587,573
946,932,933,487,705,775,677,486,768,948,936,296,710,935,836,912,966,683,954,304
971,919,887,911,278,716,260,898,888,945,937,700,715,927,928,944,973,717,303,920
970,919,278,887,911,716,260,898,945,888,937,700,715,927,928,944,973,717,303,306
964,978,661,913,893,908,974,963,976,654,684,209,909,890,918,740,750,290,757,99
944,303,945,306,658,715,930,700,883,968,485,345,315,898,302,534,937,927,716,928
976,908,893,964,740,913,978,661,918,890,757,972,963,290,654,684,916,750,909,99
206,256,229,894,199,273,843,905,671,225,208,750,636,156,162,284,224,958,901,743
974,740,908,964,913,290,918,757,893,963,890,916,661,978,972,654,684,876,909,750
757,918,890,895,781,958,772,621,843,522,916,740,171,671,835,225,718,839,905,636
893,661,908,964,972,974,913,890,976,654,918,684,740,750,757,963,909,916,290,209
482,650,483,926,760,960,672,266,533,205,722,903,245,929,690,293,489,255,238,198
118,664,983,286,322,613,728,90,538,536,514,668,748,943,941,318,498,360,232,789
216,325,107,956,961,615,649,299,408,247,249,566,495,982,625,492,200,519,871,527
167,272,718,517,958,318,843,208,107,290,239,681,119,685,172,671,914,595,759,428
322,789,118,538,536,668,980,318,664,428,498,108,605,286,367,192,90,728,172,613
245,929,293,845,533,926,886,770,660,650,760,960,152,690,238,903,553,255,703,511
61,70,396,76,816,92,12,60,47,34,996,26,77,38,37,673,830,400,721,610
631,879,878,758,597,590,461,853,460,383,391,537,666,745,801,457,820,407,791,146
437,844,456,875,408,649,668,354,613,445,848,415,686,322,841,747,566,323,606,869
62,425,86,765,998,44,999,92,85,87,70,52,37,997,995,614,38,61,76,725
27,42,34,996,43,36,56,63,51,396,38,93,23,83,2,71,25,75,39,10
418,665,628,727,603,588,622,653,602,427,436,615,191,599,335,729,445,625,408,842
13,753,403,997,144,433,22,614,397,993,4,5,414,780,434,400,444,19,783,817
719,806,41,764,726,642,796,866,827,731,540,813,471,384,746,784,467,812,689,818
433,5,400,13,991,397,614,399,30,472,60,377,783,765,725,455,40,179,22,97
653,727,622,615,625,408,438,686,752,216,961,335,588,990,875,445,603,427,649,981
87,44,86,65,52,61,985,988,765,62,816,70,823,997,5,47,646,76,425,30
34,38,989,43,396,70,27,61,42,92,56,37,77,83,985,76,93,21,816,85
414,614,87,425,991,403,144,753,19,13,765,22,5,783,433,62,52,400,86,817
999,85,37,38,988,62,92,70,86,765,77,61,65,996,425,76,44,985,816,26
998,37,85,38,92,988,70,62,77,86,61,765,996,65,76,985,816,26,425,830
